<?xml version="1.0"?>
<EmployeeDetails>
<employee>
  <employeeCode>1111</employeeCode>
  <employeeName>
     <firstName>Seema</firstName>
	 <lastName>Dalvi</lastName>
  </employeeName>
  <DOJ>09/08/97</DOJ>
  <totalExperience>12</totalExperience>
  <department>
     <unit>3d</unit>
	 <loc>Mumbai</loc>
  </department>
  <designation>
  <!--here Tags:A,B,C,D,E resembles Tags:1,2,3,4,5-->
        <A></A>
	    <B></B>
	    <C></C>
	    <D>*</D> 
	    <E></E>
  </designation>
  <sal>21000</sal>
  <grade>
     <a></a>
	 <b>*</b>
	 <c></c>
	 <d></d>
  </grade>
</employee>

<employee>
  <employeeCode>222</employeeCode>
  <employeeName>
     <firstName>Bharati</firstName>
	 <lastName>Mantri</lastName>
  </employeeName>
  <DOJ>12/01/99</DOJ>
  <totalExperience>5</totalExperience>
  <department>
     <unit>4a</unit>
	 <loc>Pune</loc>
  </department>
  <designation>
        <A></A>
	    <B>*</B>
	    <C></C>
	    <D></D> 
	    <E></E>
  </designation>
  <sal>21000</sal>
  <grade>
     <a>*</a>
	 <b></b>
	 <c></c>
	 <d></d>
  </grade>
</employee>
</EmployeeDetails>