<?xml version="1.0" ?>
 <email>
 <mail>
     <to>aaashik.kmsa@capgemini.com</to>
	 <from>jabbar.moham@capgemini.com</from>
	 <cc></cc>
	 <bcc></bcc>
	 <subject>First test mail</subject>
	 <body>Hi! how are you?</body>
 </mail>
 
 <mail>
     <to>naveen.kmsa@capgemini.com</to>
	 <from>aasik.moham@capgemini.com</from>
	 <cc></cc>
	 <bcc></bcc>
	 <subject>First test mail</subject>
	 <body>Hi! how are you?</body> 
 </mail>
 
 <mail>
      <to>jabbar.kmsa@capgemini.com</to>
	 <from>naveen.cr@capgemini.com</from>
	 <cc></cc>
	 <bcc></bcc>
	 <subject>First test mail</subject>
	 <body>Hi! how are you?</body>
 </mail>
  </email>

  